{"id": "cleanup_dns", "scriptContent": "\n'''\nCreated on 14-Sep-2016\n\n@author: bakthavatchalam.g\n'''\nimport sys\nimport json\nimport os\nsys.path.insert(0,AVX::DEPENDENCIES)\nsys.path.insert(0,AVX::HELPER)\nimport f5\nimport citrix\nreload(f5)\nreload(citrix)\nfrom f5 import *\nfrom citrix import *\nimport bluecat_soap_connector\nreload(bluecat_soap_connector)\nfrom bluecat_soap_connector import BlueCat\nimport Decrypt\nfrom collection_helper import get_device_ip\nreload(Decrypt)\n\n\ndef rollback_dns(ipam_device, fqdn, allocated_ip):\n    \"\"\"Rollback A&PTR&CNAME records\n    \"\"\"\n    username, password=Decrypt.getpassword(ipam_device)\n    device_ip = get_device_ip(ipam_device)\n    api = BlueCat(device_ip, username, password)\n    # Delete HOST RECORDS\n    host_records = api.service.getHostRecordsByHint(start=0, count=10, options='hint={0}'.format(fqdn+'$'))\n    for a_record in host_records.item:\n        name = a_record.properties.split('|')[0]\n        name = name[name.find('=')+1:]\n        if name == fqdn:\n            api.service.delete(a_record.id)\n    # Delete associated CNAME records\n    cnames = api.get_cname_records(fqdn)\n    for cname_id in cnames:\n        api.service.delete(cname_id)\n    # Unallocate the ip address\n    api.unreserve_ip_address(allocated_ip)\n\n\ndef main():\n    \"\"\"\n    Main method\n    \"\"\"\n    rollback_dns(sys.argv[1], sys.argv[2], sys.argv[3])\n\n\nif __name__ == '__main__':\n    '''\n    Main function\n    '''\n    main()\n", "scriptType": "Python", "name": "cleanup_dns", "description": ""}