{"id": "form_fields", "scriptContent": "'''\nCreated on 30-Dec-2016\n\n@author: rajasakthiyan.g\n'''\n\nfrom contextlib import contextmanager\nimport os\nimport re\nimport json\n\ntry:\n    from pymongo import MongoClient\nexcept:\n    MongoClient = None\n\nclass FormFields(object):\n    \n    is_local_env = os.path.exists(os.getenv('HOME', '/tmp') + os.sep + 've/bin/python')    \n    \n    def __init__(self, script_file=None, fields=None, request_id=None, scenario=None, ip_addr=None):\n        self.fields = fields\n        if MongoClient and self.is_local_env:\n            self.request_id = request_id\n            self.scenario = scenario\n            self.template_name = self.get_template_name(os.path.abspath(script_file or '') or r'')\n            self.tamplate_ip = ip_addr or self.get_ip_history(self.template_name)\n        self.__make_attr()\n        \n    @staticmethod\n    @contextmanager    \n    def connector(addr, port='5000', user='admin', password='admin'):\n        try:\n            apx_mongo = MongoClient(\n                \"mongodb://{user}:{password}@{addr}:{port}\".format(\n                    user=user, password=password, addr=addr, port=port))\n            yield apx_mongo     \n        finally:\n            apx_mongo.close()\n        \n    @staticmethod   \n    def get_template_name(script_file):\n        pattern = os.getenv('HOME') + r'/.+?/APS/clients/.+?/(?P<template_name>.+?)/.+'\n        match = re.match(pattern, script_file)\n        return match and match.group('template_name') or not os.path.exists(script_file) and script_file\n    \n    @staticmethod\n    def get_mongo_template_fields(apx_mongo, template_name):\n        apx_db = apx_mongo.appviewx\n        template = apx_db.apsTemplates.find_one(\n            {\"_id\": template_name}, {'fields.fieldId':1})\n        return [(field['fieldId'], '<%s>' % field['fieldId']) for field in template and template['fields'] or []]\n\n    @staticmethod\n    def get_mongo_request_fields(apx_mongo, template_name, request_id, scenario):\n        apx_db = apx_mongo.appviewx\n        request = apx_db.apsRequests.find_one(\n            {\"requestId\": request_id, }, {'requestData':1})\n        return [(field['fieldId'],\n                 field['values'].split(',') if field.get('elementType') == 'Multi select' else field['values'])\n                         for field in request and request['requestData'][scenario]['fieldInfo'] or []]\n        \n    @staticmethod\n    def get_ip_history(template_name):\n        with open(os.getenv('HOME') + '/.local/apstool/history.aps') as history_json:\n            history = json.load(history_json)\n        return history.get(template_name, '127.0.0.1')    \n    \n    def _fetch_from_template(self):\n        with self.connector(self.tamplate_ip) as mongo_client:\n            fields = self.get_mongo_template_fields(mongo_client, self.template_name)\n            return fields\n    \n    def _fetch_from_request(self):\n        with self.connector(self.tamplate_ip) as mongo_client:\n            fields = self.get_mongo_request_fields(mongo_client, self.template_name, self.request_id.upper(), int(self.scenario) - 1)\n            return fields\n    \n    def _user_options(self):\n#         fields = self._fetch_from_template()\n        if not (self.request_id and self.scenario):\n            self.request_id = raw_input('Enter the request id: ').upper()\n            self.scenario = int(raw_input('Enter the scenario: ')) - 1\n        return None\n    \n    def _fetch_fields(self):\n        fields = None \n        if self.is_local_env:\n            fields = self._user_options() or self._fetch_from_request()\n        return fields\n    \n    def __make_attr(self):\n        for field_name, value in self.fields or self._fetch_fields() or ():\n            self.__dict__[field_name] = value\n    \n    def __setattr__(self, attr, value):\n        if self.__dict__.has_key(attr):\n            raise Exception(\"Your are not allowed to change a form fields!\")\n        else:\n            object.__setattr__(self, attr, value)        \n\nif __name__ == '__main__':\n    form = FormFields('/home/local/PAYODA/rajasakthiyan.g/git/APS/clients/generic/F5-Multiple-v11_To_v12-Config-Migration/11_3_0/asscociate_scripts/check_monitor_pwd.py', request_id='r737', scenario=1)\n    print form.dstdev\n", "scriptType": "Python", "name": "form_fields", "description": "New Helper"}