{"id": "createVIPHelper", "scriptContent": "import sys\nimport json\nimport pymongo\nimport os\nfrom pymongo import MongoClient\nimport socket\nimport appviewx\nreload(appviewx)\n    \nconnect_db = appviewx.db_connection()\ndb = connect_db.appviewx\ncollection = db.device\ncollection_group = db.deviceGroup\ncollection_me_adc = db.me_adc\ncollection_certificates = db.certificates\n\nmonitor_default_list = ['diameter', 'inband', 'nntp', 'radius', 'scripted', 'snmp-dca-base', 'udp', 'dns', 'ldap', 'none', 'radius-accounting', 'sip', 'soap', 'virtual-location', 'external', 'module-score', 'oracle', 'real-server', 'smb', 'wap', 'firepass', 'icmp', 'mssql', 'pop3', 'rpc', 'tcp-echo', 'wmi', 'ftp', 'imap', 'mysql', 'postgresql', 'sasp', 'snmp-dca', 'tcp-half-open']\n\n\ndef device_list():\n    return list(set(value['name'] for value in collection.find({'vendor' : 'F5','category':'ADC'})))\n\ndef fetchDCList():\n    return list(set([value['dataCenter'] for value in collection.find({},{'dataCenter':1}) if value.get('dataCenter',None)]))\n\ndef fetchDGList(dc_name):\n    dg_list = []\n    for value in collection.find({\"dataCenter\": dc_name}):\n        if value.get('deviceGroups',False):\n            dg_list += value['deviceGroups']\n    return list(set([value['name'] for val in dg_list for value in collection_group.find({\"_id\": val},{'name':1})]) ) \n\ndef fetchLBList(data_group_name):\n    dg_group_list = [val[\"_id\"] for val in collection_group.find({\"name\": data_group_name},{'_id':1})]\n    lb_list = [value['name'] for value in collection.find({'deviceGroups': {'$in': dg_group_list}},{'name':1})]\n    return sorted(lb_list, key=lambda s:s.lower())\n\ndef fetchDeviceID(device_name):\n    return str(collection.find_one({\"name\": device_name}, {'_id': 1})['_id'])\n\ndef fetchRuleList(device_name):\n    device_id = fetchDeviceID(device_name)\n    return [value['name'] for value in collection_me_adc.find({'deviceId': device_id, \"code\": \"lr\"},{'name':1})]\n\ndef fetchProfiles(device_name, protocol):\n    device_id = fetchDeviceID(device_name)\n    return [value['name'] for value in collection_me_adc.find({'deviceId': device_id, 'type': protocol, \"code\": \"lpr\"}, {'name': 1})]\n\ndef fetchMonitors(device_name):\n    device_id = fetchDeviceID(device_name)\n    return [value['name'] for value in collection_me_adc.find({\"deviceId\": device_id, \"code\": \"lm\"},{'name':1}) if value['name'] not in monitor_default_list and '.app/' not in value['name']]\n\ndef fetchCertNames(device_name):\n    device_id = fetchDeviceID(device_name)\n    return [value['name'] for value in collection_certificates.find({'deviceId': {'$in': [device_id]}},{'name':1})]\n\ndef fetchCertKeyNames(device_name):\n    device_id = fetchDeviceID(device_name)\n    return [value['keyId'] for value in collection_certificates.find({'deviceId': {'$in': [device_id]}},{'keyId':1})]\n\ndef fetchVipNames(device_name):\n    device_id = fetchDeviceID(device_name)\n    return [value['name'] for value in collection_me_adc.find({'deviceId': device_id, \"code\": \"vs\"},{'name':1})]\n\ndef fetchVipNameswithIPport(device_name):\n    device_id = fetchDeviceID(device_name)\n    return [(value['name'] + \" || \"+value['destinationIp']+\":\"+value[\"destinationPort\"]) for value in collection_me_adc.find({'deviceId': device_id, \"code\": \"vs\"})]\n\ndef fetchClientAndServerProf(device_name,vip_name):\n    server_profile = []\n    client_profile = []\n    destination_port = []\n    client_profile_list = []\n    server_profile_list = []\n    device_id = fetchDeviceID(device_name)\n    for value in collection_me_adc.find({'name': vip_name, \"code\": \"vs\"}):\n        client_profile.append(value['clientprofile'])\n        server_profile.append(value['serverprofile'])\n        destination_port.append(value['destinationPort'])\n    if client_profile:\n        client_profile = client_profile[0].split(',')\n        client_profile_list =  [value['name'] for i in client_profile for value in collection_me_adc.find({'name': i, \"code\": \"lpr\", 'deviceId': device_id, \"type\":\"client-ssl\"},{'name':1})]\n    if server_profile:\n        server_profile = server_profile[0].split(',')\n        server_profile_list =  [value['name'] for i in server_profile for value in collection_me_adc.find({'name': i, \"code\": \"lpr\", 'deviceId': device_id, \"type\":'server-ssl'},{'name':1})]\n    return client_profile_list + server_profile_list + destination_port\n\ndef fetchClientAndServerProtProf(device_name, vip_name):\n    server_profile = []\n    client_profile = []\n    for value in collection_me_adc.find({'name': vip_name, \"code\": \"vs\"}):\n        if value['clientprofile']:\n            client_profile.append(value['clientprofile'])\n        if value['serverprofile']:\n            server_profile.append(value['serverprofile'])\n    device_id = fetchDeviceID(device_name)\n    if client_profile:\n        client_profile = client_profile[0].split(',')\n        client_profile_list =  [value['name'] for i in client_profile for value in collection_me_adc.find({'name': i, 'deviceId': device_id, \"code\": \"lpr\"}) if value['type'] != 'client-ssl']\n    if server_profile:\n        server_profile = server_profile[0].split(',')\n        server_profile_list =  [value['name'] for i in server_profile for value in collection_me_adc.find({'name': i, 'deviceId': device_id, \"code\": \"lpr\"}) if value['type'] != 'server-ssl']\n        \n   \n    return client_profile_list + server_profile_list\n\ndef fetchProfBasedOnVip(vip_name, prof_type):\n    Prof = []\n    if prof_type == 'persist':\n        prof = list(set([value['persist'] for value in collection_me_adc.find({'name': vip_name, \"code\": \"vs\"},{'persist':1})]))\n    elif prof_type == 'fallback':\n        prof = list(set([value['fallback'] for value in collection_me_adc.find({'name': vip_name, \"code\": \"vs\"},{'fallback':1})]))\n    profiles = []\n    for value in collection.find({'name': vip_name, \"code\": \"vs\"}):\n        profiles += value['profiles'][0].split(',')\n    if prof_type == 'oneconn':\n        prof = list(set([value['name'] for i in profiles for value in collection_me_adc.find({'name': i, \"code\": \"lpr\", \"type\":\"one-connect\"},{'name',1})]))\n    elif(prof_type == 'http'):\n        prof = list(set([value['name'] for i in profiles for value in collection_me_adc.find({'name': i, \"code\": \"lpr\", \"type\":'http'},{'name':1})]))\n    elif(prof_type == 'ftp'):\n        prof = list(set([value['name'] for i in profiles for value in collection_me_adc.find({'name': i, \"code\": \"lpr\", 'type':'ftp'})]))\n    elif(prof_type == 'snat'):\n        for value in collection.find({'name': vip_name, \"code\": \"vs\"}):\n            prof += value['snat'].split(',')\n    return prof\n\ndef fetchPoolsBasedonVip(vip_name,device_id):\n    pools = []\n    for value in collection_me_adc.find({'name': vip_name, \"code\": \"vs\", \"deviceId\":device_id}):\n        pools += value['pool'].split(',')\n    return pools\n\ndef fetchMonitorsBasedonPool(pool_name,device_id):\n    monitors = []\n    for value in collection_me_adc.find({'name': pool_name, \"code\": \"lp\", \"deviceId\":device_id}):\n        monitors += value['monitorAll']\n    return monitors\n\ndef fetchRulesBasedonVip(vip_name,device_id):\n    rules = []\n    for value in collection_me_adc.find({'name': vip_name, \"code\": \"vs\", \"deviceId\":device_id}):\n        rules += value['rules']\n    return rules\n\ndef fetchMirrorStatus(vip_name,device_id):\n    return collection_me_adc.find_one({'name': vip_name, \"code\": \"vs\", \"deviceId\":device_id})['mirror'] or ''\n\ndef fetchlbMethod(vip_name,device_id):\n    pool = fetchPoolsBasedonVip(vip_name)\n    return collection_me_adc.find_one({'name': pool[0], \"code\": \"lp\", \"deviceId\":device_id})['lbmode'] or ''\n\ndef fetchPoolMembersOfVip(vip_name,device_id):\n    pool = fetchPoolsBasedonVip(vip_name)\n    pool_mems_list_of_dict = []\n    pool_mems = collection_me_adc.find_one({'name': pool[0], \"code\": \"lp\", \"deviceId\":device_id})['lpm'] or []\n    for i in range(len(pool_mems)):\n        for value in collection_me_adc.find({'_id': pool_mems[i], \"code\": \"lpm\"}):\n            member_dict = {'pm_ip_addr': value['ip'], 'pm_port': value['port'], 'ratio': value['ratio'], 'status_id': value['state'], 'priority': value['priority']}\n            pool_mems_list_of_dict.append(member_dict)\n    return pool_mems_list_of_dict\n\ndef fetchSourcePort(vip_name,device_id):\n    return collection_me_adc.find_one({'name': vip_name, \"code\": \"vs\", \"deviceId\":device_id})['sourcePort'] or ''\n\ndef split_vip(vip_name):\n    return vip_name.split(\"||\")[0].rstrip()\n\ndef fetchPriorityGroup(vip_name,device_id):\n    poolName = fetchPoolsBasedonVip(vip_name)\n    return collection_me_adc.find_one({'name': poolName[0], \"code\": \"lp\", \"deviceId\":device_id})['priority'] or ''\n\ndef return_path():\n    abs_path = os.path.dirname(os.path.abspath(__file__))\n    return abs_path\n\ndef create_listofcommands_for_pending_wo(final_list_of_commands, field_id_of_validate_across_workorder):\n    db_ip = socket.gethostbyname(socket.gethostname())\n    connect_db = MongoClient(db_ip, 5000)\n    connect_db.admin.authenticate('admin', 'admin')\n    db = connect_db.workFlowDBEngine\n    dbs = connect_db.appviewx\n    collection = db.workorder_details\n    collection1 = dbs.apsRequests\n    conflict = 0\n    final = []\n    temp = []\n    for val in collection.find({\"workorder_status\": \"In Progress\"}):\n        temp = []\n        temp = val[\"tasks\"][1][\"task_input\"][\"input_data\"][\"implementation_config\"][\"deviceList\"][0][\"commands\"]\n        for val1 in temp:\n\n            for mem in final_list_of_commands:\n                from_form = mem.split(\" \")\n                from_db = val1.split(\" \")\n                from_form = filter(None, from_form)\n                from_db = filter(None, from_db)\n                if (len(from_db) > 0) and (len(from_form) > 0):\n                    if (from_db[0] == from_form[0]) and (from_form[0] in {\"create\", \"modify\", \"delete\"}):\n                        if len(from_db) > 4 and len(from_form) > 4:\n                            if (from_db[2] == from_form[2]) and (from_db[2] in {\"virtual\", \"pool\", \"rule\", \"snatpool\", \"wideip\", \"server\"}):\n                                if from_db[1] == from_form[1] and from_db[2] == from_form[2] and from_db[3] == from_form[3]:\n                                    for val2 in collection1.find({\"workOrderIds\": str(val[\"_id\"])}):\n                                        message = \"There is a pending work order with similar object details \\n\\n\"\n                                        r_id = val2[\"requestId\"] + \"\\n\"\n                                        template_name = \"Template : \" + val[\"description\"] + \"\\n\"\n                                        created_by = \"Created by : \" + val[\"created_by\"] + \"\\n\"\n                                        req_id = \"Request ID : \" + r_id + \"\\n\"\n                                        error_str = message + template_name + created_by + req_id + \"Config : \" + val1\n                                        output = {field_id_of_validate_across_workorder: error_str}\n                                        final.append(output)\n                                        print json.dumps({\"error\": \"Work order with similar object(s) exists\", \"data\": final})\n                            if (from_db[3] == from_form[3]) and (from_db[3] in {\"persistence\", \"profile\", \"monitor\"}):\n                                if from_db[1] == from_form[1] and from_db[2] == from_form[2] and from_db[3] == from_form[3] and from_db[4] == from_form[4]:\n                                    for val2 in collection1.find({\"workOrderIds\": str(val[\"_id\"])}):\n                                        message = \"There is a pending work order with similar object details \\n\\n\"\n                                        r_id = val2[\"requestId\"] + \"\\n\"\n                                        template_name = \"Template : \" + val[\"description\"] + \"\\n\"\n                                        created_by = \"Created by : \" + val[\"created_by\"] + \"\\n\"\n                                        req_id = \"Request ID : \" + r_id + \"\\n\"\n                                        error_str = message + template_name + created_by + req_id + \"Config : \" + val1\n                                        output = {field_id_of_validate_across_workorder: error_str}\n                                        final.append(output)\n                                        print json.dumps({\"error\": \"Work order with similar object(s) exists\", \"data\": final})\n    output = {\"work_order_check\": \"Success, No Conflicts Found\"}\n    final.append(output)\n    print json.dumps({\"message\": \"No pending work order(s) exists\", \"data\": final})\n    return", "scriptType": "Python", "name": "createVIPHelper", "description": ""}