{"id": "Infoblox", "scriptContent": "'''\nCreated on 08-Jul-2016\n\n@author: Sujeesh.S\n@version : 1.0\n\n'''\n\nimport sys\nimport json\nimport commands\nsys.path.append('/home/appviewx/AppViewX/aps/dependencies')\nsys.path.append('/home/appviewx/AppViewX/aps/helper')\nimport appviewx\nimport Decrypt\nreload(appviewx)\nreload(Decrypt)\n\n\nclass Infoblox:\n    '''\n    This class is having all functions related to an Infoblox device\n    '''\n\n    def __init__(self):\n        '''\n        Initialize Infoblox object\n        '''\n\n    @staticmethod\n    def get_device_ip(device_name):\n        '''\n        Return device ip and wapi version of the device.\n        '''\n        connection = appviewx.db_connection()\n        collection = connection.appviewx.device\n        device = collection.find_one({'name': device_name}, \\\n                                     {'ip': 1, 'attributes': 1})\n        return device['ip'], device['attributes']['wapiVersion']\n\n    @staticmethod\n    def get_reference(username, password, device_ip, wapi, subnet):\n        '''\n        Return _ref of Infoblox device\n        '''\n        curl_command = 'curl --silent -k1 -u {uname}:{pwd} -X GET '\\\n                        'https://{ip}/wapi/v{wapi_version}/'\\\n                        'network?_return_type=json-pretty\\&network='\\\n                        '{subnet}'.format(\n                        uname=username,\n                        pwd=password,\n                        ip=device_ip,\n                        wapi_version=wapi,\n                        subnet=subnet)\n        status, output = commands.getstatusoutput(curl_command)\n        json_output = json.loads(output)\n        return json_output[0]['_ref']\n\n    @staticmethod\n    def get_free_ip(device_name, subnet):\n        '''\n        Return a free IP address from the Infoblox device\n        '''\n        username, password = Decrypt.getpassword(device_name)\n        device_ip, wapi_version = Infoblox.get_device_ip(device_name)\n        try:\n            curl_command = 'curl --silent -k1 -u {uname}:{pwd} -X POST '\\\n                            'https://{ip}/wapi/v{wapi_version}/{ref}?'\\\n                            '_function=next_available_ip\\&_return_type='\\\n                            'json-pretty\\&num=1'.format(\n                            uname=username,\n                            pwd=password,\n                            ip=device_ip,\n                            wapi_version=wapi_version,\n                            ref=Infoblox.get_reference(username, password, device_ip, \\\n                                                       wapi_version, subnet))\n        except IndexError as e:\n            return \"Error::Subnet not configured in Infoblox\"\n        status, output = commands.getstatusoutput(curl_command)\n        json_output = json.loads(output)\n        try:\n            return str(json_output['ips'][0])\n        except KeyError as e:\n            return \"Error::No Free IP Available\"\n    \n    @staticmethod\n    def reserve_free_ip(device_name,fqdn,free_ip):\n        '''\n        Reserve a Free IP in Infoblox\n        '''\n        username, password = Decrypt.getpassword(device_name)\n        device_ip, wapi_version = Infoblox.get_device_ip(device_name)\n        try:\n            curlCommand = 'curl --silent -k1 -u {uname}:{pwd} -H \\\"Content-Type:application/json\\\" -X POST '\\\n                          'https://{dev_ip}/wapi/v{wapi_version}/record:host?_return_type=json-pretty'\\\n                          ' -d \\'{{\\\"name\\\":\\\"{fqdn_name}\\\",\\\"ipv4addrs\\\":[{{\\\"ipv4addr\\\":\\\"{ip}\\\"}}]'\\\n                          '}}\\''.format(uname = username,\n                                        pwd = password,\n                                        dev_ip = device_ip,\n                                        wapi_version = wapi_version,\n                                        fqdn_name = fqdn,\n                                        ip = free_ip)\n        except Exception,e:\n            return \"Error:: Invalid FQDN or data provided\"\n        status, output = commands.getstatusoutput(curlCommand)\n        try:\n            json_output = json.loads(output)\n            return json_output\n        except Exception,e:\n            return \"Error:: Failed to reserve IP\"\n\n    @staticmethod\n    def get_ip_reference(uname,pwd,dIP,wapi_ver,ip):\n        '''\n        Get IP reference\n        \n        :param str uname: Username\n        :param str pwd: Password\n        :param str wapi_ver: Device wapi version\n        :param ip: ip address\n        '''\n        curlCommand = 'curl --silent -k1 -u  {uname}:{pwd} -X GET https://{device_ip}/wapi/v{wapi_version}/ipv4address?'\\\n                      'ip_address={ip}'.format(uname = uname,\n                                               pwd = pwd,\n                                               device_ip = dIP,\n                                               wapi_version = wapi_ver,\n                                               ip = ip)\n        \n        status, output = commands.getstatusoutput(curlCommand)\n        json_output = json.loads(output)\n        return json_output[0]['_ref']\n        #return curlCommand\n    \n    @staticmethod\n    def unreserve_freeip(device_name,free_ip,action = \"\"):\n        '''\n        Delete all records for that ip and will free the ip\n    \n        param str device_name: IPAM Device Name\n        param ip: ip address\n        param str action: String\n        '''\n        encode_text = Decrypt.getencoded(device_name)\n        username, password = Decrypt.getpassword(device_name)\n        device_ip, wapi_version = Infoblox.get_device_ip(device_name)\n        ref = Infoblox.get_ip_reference(username, password, device_ip, wapi_version, free_ip)\n    \n        curlCommand = 'curl --silent -k1 -u {uname}:{pwd} -H \\\"Content-Type:application/json\\\" -X DELETE '\\\n                      'https://{dev_ip}/wapi/v{wapi_ver}/{reference}'.format(uname = username,\n                                                                            pwd = password,\n                                                                            dev_ip = device_ip,\n                                                                            wapi_ver = wapi_version,\n                                                                            reference = ref)\n\n        curl_command = 'curl --silent -k1 -H \\\"Authorization:Basic {encode_text}\\\" -H \\\"Content-Type:application/json\\\" -X DELETE '\\\n                      'https://{dev_ip}/wapi/v{wapi_ver}/{reference}'.format(uname = username,\n                                                                            pwd = password,\n                                                                            dev_ip = device_ip,\n                                                                            wapi_ver = wapi_version,\n                                                                            encode_text = encode_text,\n                                                                            reference = ref)\n        \n        if action == 'associate':\n            status, output = commands.getstatusoutput(curlCommand)\n            json_output = json.loads(output)\n            return json_output\n        else:\n            return curl_command\n    \n    @staticmethod\n    def get_subnet(device_name):\n        '''\n        Get available subnets from infoblox\n        \n        :param str device_name: IPAM Device Name\n        '''\n        subnet_list = []\n        username, password = Decrypt.getpassword(device_name)\n        device_ip, wapi_version = Infoblox.get_device_ip(device_name)\n        curlCommand = 'curl --silent -k1 -u {uname}:{pwd} -H \\\"Content-Type:application/json\\\" -X GET '\\\n                      'https://{dev_ip}/wapi/v{wapi_ver}/network'.format(uname = username,\n                                                                         pwd = password,\n                                                                         dev_ip = device_ip,\n                                                                         wapi_ver = wapi_version)\n\n        status, output = commands.getstatusoutput(curlCommand)\n        json_output = json.loads(output)\n        subnet_list = [ value['network'] for value in json_output]\n        return subnet_list\n", "scriptType": "Python", "name": "Infoblox", "description": "Get free ip from infoblox device"}